task,family,phase,architecture,best_val,parameter_count,source,order_key,marker_label
generation,ADP,ae_width_to_depth,[1],0.9821630054713424,165,/home/anurag-basistha/Projects/Untapped/Breaking-the-Neural-Barrier/MLPS/tabular/shared/dae_dnn/results/goliath_w2d_anomaly_onward_gpu/analysis/recovered_trial1_w2d_history/raw/MLPS/tabular/shared/dae_dnn/results/goliath_w2d_staged_current/generation/ae_width_to_depth/cand_000_d1_w1/candidate_state.json,0,cand_000_d1_w1
generation,ADP,ae_width_to_depth,[2],0.9632775521703506,276,/home/anurag-basistha/Projects/Untapped/Breaking-the-Neural-Barrier/MLPS/tabular/shared/dae_dnn/results/goliath_w2d_anomaly_onward_gpu/analysis/recovered_trial1_w2d_history/raw/MLPS/tabular/shared/dae_dnn/results/goliath_w2d_staged_current/generation/ae_width_to_depth/cand_001_d1_w2/candidate_state.json,1,cand_001_d1_w2
generation,ADP,ae_width_to_depth,[3],0.944536643694794,387,/home/anurag-basistha/Projects/Untapped/Breaking-the-Neural-Barrier/MLPS/tabular/shared/dae_dnn/results/goliath_w2d_anomaly_onward_gpu/analysis/recovered_trial1_w2d_history/raw/MLPS/tabular/shared/dae_dnn/results/goliath_w2d_staged_current/generation/ae_width_to_depth/cand_002_d1_w3/candidate_state.json,2,cand_002_d1_w3
generation,ADP,ae_width_to_depth,[4],0.9261032890309993,498,/home/anurag-basistha/Projects/Untapped/Breaking-the-Neural-Barrier/MLPS/tabular/shared/dae_dnn/results/goliath_w2d_anomaly_onward_gpu/analysis/recovered_trial1_w2d_history/raw/MLPS/tabular/shared/dae_dnn/results/goliath_w2d_staged_current/generation/ae_width_to_depth/cand_003_d1_w4/candidate_state.json,3,cand_003_d1_w4
generation,ADP,ae_width_to_depth,[5],0.9076678443380962,609,/home/anurag-basistha/Projects/Untapped/Breaking-the-Neural-Barrier/MLPS/tabular/shared/dae_dnn/results/goliath_w2d_anomaly_onward_gpu/analysis/recovered_trial1_w2d_history/raw/MLPS/tabular/shared/dae_dnn/results/goliath_w2d_staged_current/generation/ae_width_to_depth/cand_004_d1_w5/candidate_state.json,4,cand_004_d1_w5
generation,ADP,ae_width_to_depth,[6],0.8890806025017256,720,/home/anurag-basistha/Projects/Untapped/Breaking-the-Neural-Barrier/MLPS/tabular/shared/dae_dnn/results/goliath_w2d_anomaly_onward_gpu/analysis/recovered_trial1_w2d_history/raw/MLPS/tabular/shared/dae_dnn/results/goliath_w2d_staged_current/generation/ae_width_to_depth/cand_005_d1_w6/candidate_state.json,5,cand_005_d1_w6
generation,ADP,ae_width_to_depth,[7],0.870637700113749,831,/home/anurag-basistha/Projects/Untapped/Breaking-the-Neural-Barrier/MLPS/tabular/shared/dae_dnn/results/goliath_w2d_anomaly_onward_gpu/analysis/recovered_trial1_w2d_history/raw/MLPS/tabular/shared/dae_dnn/results/goliath_w2d_staged_current/generation/ae_width_to_depth/cand_006_d1_w7/candidate_state.json,6,cand_006_d1_w7
generation,ADP,ae_width_to_depth,[8],0.8520984038798051,942,/home/anurag-basistha/Projects/Untapped/Breaking-the-Neural-Barrier/MLPS/tabular/shared/dae_dnn/results/goliath_w2d_anomaly_onward_gpu/analysis/recovered_trial1_w2d_history/raw/MLPS/tabular/shared/dae_dnn/results/goliath_w2d_staged_current/generation/ae_width_to_depth/cand_007_d1_w8/candidate_state.json,7,cand_007_d1_w8
generation,ADP,ae_width_to_depth,[9],0.8334367446416348,1053,/home/anurag-basistha/Projects/Untapped/Breaking-the-Neural-Barrier/MLPS/tabular/shared/dae_dnn/results/goliath_w2d_anomaly_onward_gpu/analysis/recovered_trial1_w2d_history/raw/MLPS/tabular/shared/dae_dnn/results/goliath_w2d_staged_current/generation/ae_width_to_depth/cand_008_d1_w9/candidate_state.json,8,cand_008_d1_w9
generation,ADP,ae_width_to_depth,[10],0.8148869146755117,1164,/home/anurag-basistha/Projects/Untapped/Breaking-the-Neural-Barrier/MLPS/tabular/shared/dae_dnn/results/goliath_w2d_anomaly_onward_gpu/analysis/recovered_trial1_w2d_history/raw/MLPS/tabular/shared/dae_dnn/results/goliath_w2d_staged_current/generation/ae_width_to_depth/cand_009_d1_w10/candidate_state.json,9,cand_009_d1_w10
generation,ADP,ae_width_to_depth,[11],0.7964738484844751,1275,/home/anurag-basistha/Projects/Untapped/Breaking-the-Neural-Barrier/MLPS/tabular/shared/dae_dnn/results/goliath_w2d_anomaly_onward_gpu/analysis/recovered_trial1_w2d_history/raw/MLPS/tabular/shared/dae_dnn/results/goliath_w2d_staged_current/generation/ae_width_to_depth/cand_010_d1_w11/candidate_state.json,10,cand_010_d1_w11
generation,ADP,ae_width_to_depth,[12],0.7778976535510284,1386,/home/anurag-basistha/Projects/Untapped/Breaking-the-Neural-Barrier/MLPS/tabular/shared/dae_dnn/results/goliath_w2d_anomaly_onward_gpu/analysis/recovered_trial1_w2d_history/raw/MLPS/tabular/shared/dae_dnn/results/goliath_w2d_staged_current/generation/ae_width_to_depth/cand_011_d1_w12/candidate_state.json,11,cand_011_d1_w12
generation,ADP,ae_width_to_depth,[13],0.7596293079135147,1497,/home/anurag-basistha/Projects/Untapped/Breaking-the-Neural-Barrier/MLPS/tabular/shared/dae_dnn/results/goliath_w2d_anomaly_onward_gpu/analysis/recovered_trial1_w2d_history/raw/MLPS/tabular/shared/dae_dnn/results/goliath_w2d_staged_current/generation/ae_width_to_depth/cand_012_d1_w13/candidate_state.json,12,cand_012_d1_w13
generation,ADP,ae_width_to_depth,[14],0.741064322244891,1608,/home/anurag-basistha/Projects/Untapped/Breaking-the-Neural-Barrier/MLPS/tabular/shared/dae_dnn/results/goliath_w2d_anomaly_onward_gpu/analysis/recovered_trial1_w2d_history/raw/MLPS/tabular/shared/dae_dnn/results/goliath_w2d_staged_current/generation/ae_width_to_depth/cand_013_d1_w14/candidate_state.json,13,cand_013_d1_w14
generation,ADP,ae_width_to_depth,[15],0.7224948956665571,1719,/home/anurag-basistha/Projects/Untapped/Breaking-the-Neural-Barrier/MLPS/tabular/shared/dae_dnn/results/goliath_w2d_anomaly_onward_gpu/analysis/recovered_trial1_w2d_history/raw/MLPS/tabular/shared/dae_dnn/results/goliath_w2d_staged_current/generation/ae_width_to_depth/cand_014_d1_w15/candidate_state.json,14,cand_014_d1_w15
generation,ADP,ae_width_to_depth,[16],0.7039022170271009,1830,/home/anurag-basistha/Projects/Untapped/Breaking-the-Neural-Barrier/MLPS/tabular/shared/dae_dnn/results/goliath_w2d_anomaly_onward_gpu/analysis/recovered_trial1_w2d_history/raw/MLPS/tabular/shared/dae_dnn/results/goliath_w2d_staged_current/generation/ae_width_to_depth/cand_015_d1_w16/candidate_state.json,15,cand_015_d1_w16
generation,ADP,ae_width_to_depth,[17],0.6854980866342044,1941,/home/anurag-basistha/Projects/Untapped/Breaking-the-Neural-Barrier/MLPS/tabular/shared/dae_dnn/results/goliath_w2d_anomaly_onward_gpu/analysis/recovered_trial1_w2d_history/raw/MLPS/tabular/shared/dae_dnn/results/goliath_w2d_staged_current/generation/ae_width_to_depth/cand_016_d1_w17/candidate_state.json,16,cand_016_d1_w17
generation,ADP,ae_width_to_depth,[18],0.6668610011309868,2052,/home/anurag-basistha/Projects/Untapped/Breaking-the-Neural-Barrier/MLPS/tabular/shared/dae_dnn/results/goliath_w2d_anomaly_onward_gpu/analysis/recovered_trial1_w2d_history/raw/MLPS/tabular/shared/dae_dnn/results/goliath_w2d_staged_current/generation/ae_width_to_depth/cand_017_d1_w18/candidate_state.json,17,cand_017_d1_w18
generation,ADP,ae_width_to_depth,[19],0.6482639199384418,2163,/home/anurag-basistha/Projects/Untapped/Breaking-the-Neural-Barrier/MLPS/tabular/shared/dae_dnn/results/goliath_w2d_anomaly_onward_gpu/analysis/recovered_trial1_w2d_history/raw/MLPS/tabular/shared/dae_dnn/results/goliath_w2d_staged_current/generation/ae_width_to_depth/cand_018_d1_w19/candidate_state.json,18,cand_018_d1_w19
generation,ADP,ae_width_to_depth,[20],0.6295360459351679,2274,/home/anurag-basistha/Projects/Untapped/Breaking-the-Neural-Barrier/MLPS/tabular/shared/dae_dnn/results/goliath_w2d_anomaly_onward_gpu/analysis/recovered_trial1_w2d_history/raw/MLPS/tabular/shared/dae_dnn/results/goliath_w2d_staged_current/generation/ae_width_to_depth/cand_019_d1_w20/candidate_state.json,19,cand_019_d1_w20
generation,ADP,ae_width_to_depth,[21],0.6109688481946662,2385,/home/anurag-basistha/Projects/Untapped/Breaking-the-Neural-Barrier/MLPS/tabular/shared/dae_dnn/results/goliath_w2d_anomaly_onward_gpu/analysis/recovered_trial1_w2d_history/raw/MLPS/tabular/shared/dae_dnn/results/goliath_w2d_staged_current/generation/ae_width_to_depth/cand_020_d1_w21/candidate_state.json,20,cand_020_d1_w21
generation,ADP,ae_width_to_depth,[22],0.5926787122342614,2496,/home/anurag-basistha/Projects/Untapped/Breaking-the-Neural-Barrier/MLPS/tabular/shared/dae_dnn/results/goliath_w2d_anomaly_onward_gpu/analysis/recovered_trial1_w2d_history/raw/MLPS/tabular/shared/dae_dnn/results/goliath_w2d_staged_current/generation/ae_width_to_depth/cand_021_d1_w22/candidate_state.json,21,cand_021_d1_w22
generation,ADP,ae_width_to_depth,[23],0.5743292017975345,2607,/home/anurag-basistha/Projects/Untapped/Breaking-the-Neural-Barrier/MLPS/tabular/shared/dae_dnn/results/goliath_w2d_anomaly_onward_gpu/analysis/recovered_trial1_w2d_history/raw/MLPS/tabular/shared/dae_dnn/results/goliath_w2d_staged_current/generation/ae_width_to_depth/cand_022_d1_w23/candidate_state.json,22,cand_022_d1_w23
generation,ADP,ae_width_to_depth,[24],0.5558772004872898,2718,/home/anurag-basistha/Projects/Untapped/Breaking-the-Neural-Barrier/MLPS/tabular/shared/dae_dnn/results/goliath_w2d_anomaly_onward_gpu/analysis/recovered_trial1_w2d_history/raw/MLPS/tabular/shared/dae_dnn/results/goliath_w2d_staged_current/generation/ae_width_to_depth/cand_023_d1_w24/candidate_state.json,23,cand_023_d1_w24
generation,ADP,ae_width_to_depth,[25],0.5376035829979106,2829,/home/anurag-basistha/Projects/Untapped/Breaking-the-Neural-Barrier/MLPS/tabular/shared/dae_dnn/results/goliath_w2d_anomaly_onward_gpu/analysis/recovered_trial1_w2d_history/raw/MLPS/tabular/shared/dae_dnn/results/goliath_w2d_staged_current/generation/ae_width_to_depth/cand_024_d1_w25/candidate_state.json,24,cand_024_d1_w25
generation,ADP,ae_width_to_depth,[26],0.5190562949045433,2940,/home/anurag-basistha/Projects/Untapped/Breaking-the-Neural-Barrier/MLPS/tabular/shared/dae_dnn/results/goliath_w2d_anomaly_onward_gpu/analysis/recovered_trial1_w2d_history/raw/MLPS/tabular/shared/dae_dnn/results/goliath_w2d_staged_current/generation/ae_width_to_depth/cand_025_d1_w26/candidate_state.json,25,cand_025_d1_w26
generation,ADP,ae_width_to_depth,[27],0.5005883407585388,3051,/home/anurag-basistha/Projects/Untapped/Breaking-the-Neural-Barrier/MLPS/tabular/shared/dae_dnn/results/goliath_w2d_anomaly_onward_gpu/analysis/recovered_trial1_w2d_history/raw/MLPS/tabular/shared/dae_dnn/results/goliath_w2d_staged_current/generation/ae_width_to_depth/cand_026_d1_w27/candidate_state.json,26,cand_026_d1_w27
generation,ADP,ae_width_to_depth,[28],0.4823900657170726,3162,/home/anurag-basistha/Projects/Untapped/Breaking-the-Neural-Barrier/MLPS/tabular/shared/dae_dnn/results/goliath_w2d_anomaly_onward_gpu/analysis/recovered_trial1_w2d_history/raw/MLPS/tabular/shared/dae_dnn/results/goliath_w2d_staged_current/generation/ae_width_to_depth/cand_027_d1_w28/candidate_state.json,27,cand_027_d1_w28
generation,ADP,ae_width_to_depth,[29],0.4638253514926648,3273,/home/anurag-basistha/Projects/Untapped/Breaking-the-Neural-Barrier/MLPS/tabular/shared/dae_dnn/results/goliath_w2d_anomaly_onward_gpu/analysis/recovered_trial1_w2d_history/raw/MLPS/tabular/shared/dae_dnn/results/goliath_w2d_staged_current/generation/ae_width_to_depth/cand_028_d1_w29/candidate_state.json,28,cand_028_d1_w29
generation,ADP,ae_width_to_depth,[30],0.4455619502389897,3384,/home/anurag-basistha/Projects/Untapped/Breaking-the-Neural-Barrier/MLPS/tabular/shared/dae_dnn/results/goliath_w2d_anomaly_onward_gpu/analysis/recovered_trial1_w2d_history/raw/MLPS/tabular/shared/dae_dnn/results/goliath_w2d_staged_current/generation/ae_width_to_depth/cand_029_d1_w30/candidate_state.json,29,cand_029_d1_w30
generation,ADP,ae_width_to_depth,[31],0.4270204622148124,3495,/home/anurag-basistha/Projects/Untapped/Breaking-the-Neural-Barrier/MLPS/tabular/shared/dae_dnn/results/goliath_w2d_anomaly_onward_gpu/analysis/recovered_trial1_w2d_history/raw/MLPS/tabular/shared/dae_dnn/results/goliath_w2d_staged_current/generation/ae_width_to_depth/cand_030_d1_w31/candidate_state.json,30,cand_030_d1_w31
generation,ADP,ae_width_to_depth,[32],0.4083888408882323,3606,/home/anurag-basistha/Projects/Untapped/Breaking-the-Neural-Barrier/MLPS/tabular/shared/dae_dnn/results/goliath_w2d_anomaly_onward_gpu/analysis/recovered_trial1_w2d_history/raw/MLPS/tabular/shared/dae_dnn/results/goliath_w2d_staged_current/generation/ae_width_to_depth/cand_031_d1_w32/candidate_state.json,31,cand_031_d1_w32
generation,ADP,ae_width_to_depth,[33],0.3897401088096708,3717,/home/anurag-basistha/Projects/Untapped/Breaking-the-Neural-Barrier/MLPS/tabular/shared/dae_dnn/results/goliath_w2d_anomaly_onward_gpu/analysis/recovered_trial1_w2d_history/raw/MLPS/tabular/shared/dae_dnn/results/goliath_w2d_staged_current/generation/ae_width_to_depth/cand_032_d1_w33/candidate_state.json,32,cand_032_d1_w33
generation,ADP,ae_width_to_depth,[34],0.3710770500949429,3828,/home/anurag-basistha/Projects/Untapped/Breaking-the-Neural-Barrier/MLPS/tabular/shared/dae_dnn/results/goliath_w2d_anomaly_onward_gpu/analysis/recovered_trial1_w2d_history/raw/MLPS/tabular/shared/dae_dnn/results/goliath_w2d_staged_current/generation/ae_width_to_depth/cand_033_d1_w34/candidate_state.json,33,cand_033_d1_w34
generation,ADP,ae_width_to_depth,[35],0.3524755621119125,3939,/home/anurag-basistha/Projects/Untapped/Breaking-the-Neural-Barrier/MLPS/tabular/shared/dae_dnn/results/goliath_w2d_anomaly_onward_gpu/analysis/recovered_trial1_w2d_history/raw/MLPS/tabular/shared/dae_dnn/results/goliath_w2d_staged_current/generation/ae_width_to_depth/cand_034_d1_w35/candidate_state.json,34,cand_034_d1_w35
generation,ADP,ae_width_to_depth,[36],0.33405899855338,4050,/home/anurag-basistha/Projects/Untapped/Breaking-the-Neural-Barrier/MLPS/tabular/shared/dae_dnn/results/goliath_w2d_anomaly_onward_gpu/analysis/recovered_trial1_w2d_history/raw/MLPS/tabular/shared/dae_dnn/results/goliath_w2d_staged_current/generation/ae_width_to_depth/cand_035_d1_w36/candidate_state.json,35,cand_035_d1_w36
generation,ADP,ae_width_to_depth,[37],0.3155170152051767,4161,/home/anurag-basistha/Projects/Untapped/Breaking-the-Neural-Barrier/MLPS/tabular/shared/dae_dnn/results/goliath_w2d_anomaly_onward_gpu/analysis/recovered_trial1_w2d_history/raw/MLPS/tabular/shared/dae_dnn/results/goliath_w2d_staged_current/generation/ae_width_to_depth/cand_036_d1_w37/candidate_state.json,36,cand_036_d1_w37
generation,ADP,ae_width_to_depth,[38],0.2971022035298549,4272,/home/anurag-basistha/Projects/Untapped/Breaking-the-Neural-Barrier/MLPS/tabular/shared/dae_dnn/results/goliath_w2d_anomaly_onward_gpu/analysis/recovered_trial1_w2d_history/raw/MLPS/tabular/shared/dae_dnn/results/goliath_w2d_staged_current/generation/ae_width_to_depth/cand_037_d1_w38/candidate_state.json,37,cand_037_d1_w38
generation,ADP,ae_width_to_depth,[39],0.2785039838184245,4383,/home/anurag-basistha/Projects/Untapped/Breaking-the-Neural-Barrier/MLPS/tabular/shared/dae_dnn/results/goliath_w2d_anomaly_onward_gpu/analysis/recovered_trial1_w2d_history/raw/MLPS/tabular/shared/dae_dnn/results/goliath_w2d_staged_current/generation/ae_width_to_depth/cand_038_d1_w39/candidate_state.json,38,cand_038_d1_w39
generation,ADP,ae_width_to_depth,[40],0.260227803823794,4494,/home/anurag-basistha/Projects/Untapped/Breaking-the-Neural-Barrier/MLPS/tabular/shared/dae_dnn/results/goliath_w2d_anomaly_onward_gpu/analysis/recovered_trial1_w2d_history/raw/MLPS/tabular/shared/dae_dnn/results/goliath_w2d_staged_current/generation/ae_width_to_depth/cand_039_d1_w40/candidate_state.json,39,cand_039_d1_w40
generation,ADP,ae_width_to_depth,[41],0.2412351118101745,4605,/home/anurag-basistha/Projects/Untapped/Breaking-the-Neural-Barrier/MLPS/tabular/shared/dae_dnn/results/goliath_w2d_anomaly_onward_gpu/analysis/recovered_trial1_w2d_history/raw/MLPS/tabular/shared/dae_dnn/results/goliath_w2d_staged_current/generation/ae_width_to_depth/cand_040_d1_w41/candidate_state.json,40,cand_040_d1_w41
generation,ADP,ae_width_to_depth,[42],0.2227111342315372,4716,/home/anurag-basistha/Projects/Untapped/Breaking-the-Neural-Barrier/MLPS/tabular/shared/dae_dnn/results/goliath_w2d_anomaly_onward_gpu/analysis/recovered_trial1_w2d_history/raw/MLPS/tabular/shared/dae_dnn/results/goliath_w2d_staged_current/generation/ae_width_to_depth/cand_041_d1_w42/candidate_state.json,41,cand_041_d1_w42
generation,ADP,ae_width_to_depth,[43],0.2043391106421109,4827,/home/anurag-basistha/Projects/Untapped/Breaking-the-Neural-Barrier/MLPS/tabular/shared/dae_dnn/results/goliath_w2d_anomaly_onward_gpu/analysis/recovered_trial1_w2d_history/raw/MLPS/tabular/shared/dae_dnn/results/goliath_w2d_staged_current/generation/ae_width_to_depth/cand_042_d1_w43/candidate_state.json,42,cand_042_d1_w43
generation,ADP,ae_width_to_depth,[44],0.1857974940069681,4938,/home/anurag-basistha/Projects/Untapped/Breaking-the-Neural-Barrier/MLPS/tabular/shared/dae_dnn/results/goliath_w2d_anomaly_onward_gpu/analysis/recovered_trial1_w2d_history/raw/MLPS/tabular/shared/dae_dnn/results/goliath_w2d_staged_current/generation/ae_width_to_depth/cand_043_d1_w44/candidate_state.json,43,cand_043_d1_w44
generation,ADP,ae_width_to_depth,[45],0.1672365077755393,5049,/home/anurag-basistha/Projects/Untapped/Breaking-the-Neural-Barrier/MLPS/tabular/shared/dae_dnn/results/goliath_w2d_anomaly_onward_gpu/analysis/recovered_trial1_w2d_history/raw/MLPS/tabular/shared/dae_dnn/results/goliath_w2d_staged_current/generation/ae_width_to_depth/cand_044_d1_w45/candidate_state.json,44,cand_044_d1_w45
generation,ADP,ae_width_to_depth,[46],0.1487077044001569,5160,/home/anurag-basistha/Projects/Untapped/Breaking-the-Neural-Barrier/MLPS/tabular/shared/dae_dnn/results/goliath_w2d_anomaly_onward_gpu/analysis/recovered_trial1_w2d_history/raw/MLPS/tabular/shared/dae_dnn/results/goliath_w2d_staged_current/generation/ae_width_to_depth/cand_045_d1_w46/candidate_state.json,45,cand_045_d1_w46
generation,ADP,ae_width_to_depth,[47],0.1300662849454616,5271,/home/anurag-basistha/Projects/Untapped/Breaking-the-Neural-Barrier/MLPS/tabular/shared/dae_dnn/results/goliath_w2d_anomaly_onward_gpu/analysis/recovered_trial1_w2d_history/raw/MLPS/tabular/shared/dae_dnn/results/goliath_w2d_staged_current/generation/ae_width_to_depth/cand_046_d1_w47/candidate_state.json,46,cand_046_d1_w47
generation,ADP,ae_width_to_depth,[48],0.1116401741258037,5382,/home/anurag-basistha/Projects/Untapped/Breaking-the-Neural-Barrier/MLPS/tabular/shared/dae_dnn/results/goliath_w2d_anomaly_onward_gpu/analysis/recovered_trial1_w2d_history/raw/MLPS/tabular/shared/dae_dnn/results/goliath_w2d_staged_current/generation/ae_width_to_depth/cand_047_d1_w48/candidate_state.json,47,cand_047_d1_w48
generation,ADP,ae_width_to_depth,[49],0.0931538296940538,5493,/home/anurag-basistha/Projects/Untapped/Breaking-the-Neural-Barrier/MLPS/tabular/shared/dae_dnn/results/goliath_w2d_anomaly_onward_gpu/analysis/recovered_trial1_w2d_history/raw/MLPS/tabular/shared/dae_dnn/results/goliath_w2d_staged_current/generation/ae_width_to_depth/cand_048_d1_w49/candidate_state.json,48,cand_048_d1_w49
generation,ADP,ae_width_to_depth,[50],0.0747433266331576,5604,/home/anurag-basistha/Projects/Untapped/Breaking-the-Neural-Barrier/MLPS/tabular/shared/dae_dnn/results/goliath_w2d_anomaly_onward_gpu/analysis/recovered_trial1_w2d_history/raw/MLPS/tabular/shared/dae_dnn/results/goliath_w2d_staged_current/generation/ae_width_to_depth/cand_049_d1_w50/candidate_state.json,49,cand_049_d1_w50
generation,ADP,ae_width_to_depth,[51],0.0561703378064546,5715,/home/anurag-basistha/Projects/Untapped/Breaking-the-Neural-Barrier/MLPS/tabular/shared/dae_dnn/results/goliath_w2d_anomaly_onward_gpu/analysis/recovered_trial1_w2d_history/raw/MLPS/tabular/shared/dae_dnn/results/goliath_w2d_staged_current/generation/ae_width_to_depth/cand_050_d1_w51/candidate_state.json,50,cand_050_d1_w51
generation,ADP,ae_width_to_depth,[52],0.0376978036743254,5826,/home/anurag-basistha/Projects/Untapped/Breaking-the-Neural-Barrier/MLPS/tabular/shared/dae_dnn/results/goliath_w2d_anomaly_onward_gpu/analysis/recovered_trial1_w2d_history/raw/MLPS/tabular/shared/dae_dnn/results/goliath_w2d_staged_current/generation/ae_width_to_depth/cand_051_d1_w52/candidate_state.json,51,cand_051_d1_w52
generation,ADP,ae_width_to_depth,[53],0.0190467955706006,5937,/home/anurag-basistha/Projects/Untapped/Breaking-the-Neural-Barrier/MLPS/tabular/shared/dae_dnn/results/goliath_w2d_anomaly_onward_gpu/analysis/recovered_trial1_w2d_history/raw/MLPS/tabular/shared/dae_dnn/results/goliath_w2d_staged_current/generation/ae_width_to_depth/cand_052_d1_w53/candidate_state.json,52,cand_052_d1_w53
generation,ADP,ae_width_to_depth,[54],0.0006710193624688,6048,/home/anurag-basistha/Projects/Untapped/Breaking-the-Neural-Barrier/MLPS/tabular/shared/dae_dnn/results/goliath_w2d_anomaly_onward_gpu/analysis/recovered_trial1_w2d_history/raw/MLPS/tabular/shared/dae_dnn/results/goliath_w2d_staged_current/generation/ae_width_to_depth/cand_053_d1_w54/candidate_state.json,53,cand_053_d1_w54
generation,ADP,ae_width_to_depth,[55],0.0004320782605597,6159,/home/anurag-basistha/Projects/Untapped/Breaking-the-Neural-Barrier/MLPS/tabular/shared/dae_dnn/results/goliath_w2d_anomaly_onward_gpu/analysis/recovered_trial1_w2d_history/raw/MLPS/tabular/shared/dae_dnn/results/goliath_w2d_staged_current/generation/ae_width_to_depth/cand_054_d1_w55/candidate_state.json,54,cand_054_d1_w55
generation,ADP,ae_width_to_depth,[56],0.0003084685309266,6270,/home/anurag-basistha/Projects/Untapped/Breaking-the-Neural-Barrier/MLPS/tabular/shared/dae_dnn/results/goliath_w2d_anomaly_onward_gpu/analysis/recovered_trial1_w2d_history/raw/MLPS/tabular/shared/dae_dnn/results/goliath_w2d_staged_current/generation/ae_width_to_depth/cand_055_d1_w56/candidate_state.json,55,cand_055_d1_w56
generation,ADP,ae_width_to_depth,[57],0.0003504232146313,6381,/home/anurag-basistha/Projects/Untapped/Breaking-the-Neural-Barrier/MLPS/tabular/shared/dae_dnn/results/goliath_w2d_anomaly_onward_gpu/analysis/recovered_trial1_w2d_history/raw/MLPS/tabular/shared/dae_dnn/results/goliath_w2d_staged_current/generation/ae_width_to_depth/cand_056_d1_w57/candidate_state.json,56,cand_056_d1_w57
generation,ADP,ae_width_to_depth,[58],0.0003526945324252,6492,/home/anurag-basistha/Projects/Untapped/Breaking-the-Neural-Barrier/MLPS/tabular/shared/dae_dnn/results/goliath_w2d_anomaly_onward_gpu/analysis/recovered_trial1_w2d_history/raw/MLPS/tabular/shared/dae_dnn/results/goliath_w2d_staged_current/generation/ae_width_to_depth/cand_057_d1_w58/candidate_state.json,57,cand_057_d1_w58
generation,ADP,ae_width_to_depth,[59],0.0002628285476257,6603,/home/anurag-basistha/Projects/Untapped/Breaking-the-Neural-Barrier/MLPS/tabular/shared/dae_dnn/results/goliath_w2d_anomaly_onward_gpu/analysis/recovered_trial1_w2d_history/raw/MLPS/tabular/shared/dae_dnn/results/goliath_w2d_staged_current/generation/ae_width_to_depth/cand_058_d1_w59/candidate_state.json,58,cand_058_d1_w59
generation,ADP,ae_width_to_depth,[60],0.0002336204765105,6714,/home/anurag-basistha/Projects/Untapped/Breaking-the-Neural-Barrier/MLPS/tabular/shared/dae_dnn/results/goliath_w2d_anomaly_onward_gpu/analysis/recovered_trial1_w2d_history/raw/MLPS/tabular/shared/dae_dnn/results/goliath_w2d_staged_current/generation/ae_width_to_depth/cand_059_d1_w60/candidate_state.json,59,cand_059_d1_w60
generation,ADP,ae_width_to_depth,[61],0.0003049943217664,6825,/home/anurag-basistha/Projects/Untapped/Breaking-the-Neural-Barrier/MLPS/tabular/shared/dae_dnn/results/goliath_w2d_anomaly_onward_gpu/analysis/recovered_trial1_w2d_history/raw/MLPS/tabular/shared/dae_dnn/results/goliath_w2d_staged_current/generation/ae_width_to_depth/cand_060_d1_w61/candidate_state.json,60,cand_060_d1_w61
generation,ADP,ae_width_to_depth,"[61, 61]",0.1624625559136887,10729,/home/anurag-basistha/Projects/Untapped/Breaking-the-Neural-Barrier/MLPS/tabular/shared/dae_dnn/results/goliath_w2d_anomaly_onward_gpu/analysis/recovered_trial1_w2d_history/raw/MLPS/tabular/shared/dae_dnn/results/goliath_w2d_staged_current/generation/ae_width_to_depth/cand_061_d2_w61/candidate_state.json,61,cand_061_d2_w61
generation,ADP,ae_width_to_depth,"[62, 61]",0.0845953081710995,10847,/home/anurag-basistha/Projects/Untapped/Breaking-the-Neural-Barrier/MLPS/tabular/shared/dae_dnn/results/goliath_w2d_anomaly_onward_gpu/analysis/recovered_trial1_w2d_history/raw/MLPS/tabular/shared/dae_dnn/results/goliath_w2d_staged_current/generation/ae_width_to_depth/cand_062_d2_w62/candidate_state.json,62,cand_062_d2_w62
generation,ADP,ae_width_to_depth,"[62, 62]",0.0556151184472564,10966,/home/anurag-basistha/Projects/Untapped/Breaking-the-Neural-Barrier/MLPS/tabular/shared/dae_dnn/results/goliath_w2d_anomaly_onward_gpu/analysis/recovered_trial1_w2d_history/raw/MLPS/tabular/shared/dae_dnn/results/goliath_w2d_staged_current/generation/ae_width_to_depth/cand_063_d2_w62/candidate_state.json,63,cand_063_d2_w62
generation,ADP,ae_width_to_depth,"[63, 62]",0.0375930410259927,11085,/home/anurag-basistha/Projects/Untapped/Breaking-the-Neural-Barrier/MLPS/tabular/shared/dae_dnn/results/goliath_w2d_anomaly_onward_gpu/analysis/recovered_trial1_w2d_history/raw/MLPS/tabular/shared/dae_dnn/results/goliath_w2d_staged_current/generation/ae_width_to_depth/cand_064_d2_w63/candidate_state.json,64,cand_064_d2_w63
generation,ADP,ae_width_to_depth,"[63, 63]",0.030789237517074,11205,/home/anurag-basistha/Projects/Untapped/Breaking-the-Neural-Barrier/MLPS/tabular/shared/dae_dnn/results/goliath_w2d_anomaly_onward_gpu/analysis/recovered_trial1_w2d_history/raw/MLPS/tabular/shared/dae_dnn/results/goliath_w2d_staged_current/generation/ae_width_to_depth/cand_065_d2_w63/candidate_state.json,65,cand_065_d2_w63
generation,ADP,ae_width_to_depth,"[64, 63]",0.023198309768122,11325,/home/anurag-basistha/Projects/Untapped/Breaking-the-Neural-Barrier/MLPS/tabular/shared/dae_dnn/results/goliath_w2d_anomaly_onward_gpu/analysis/recovered_trial1_w2d_history/raw/MLPS/tabular/shared/dae_dnn/results/goliath_w2d_staged_current/generation/ae_width_to_depth/cand_066_d2_w64/candidate_state.json,66,cand_066_d2_w64
generation,ADP,ae_width_to_depth,"[64, 64]",0.0211347695450953,11446,/home/anurag-basistha/Projects/Untapped/Breaking-the-Neural-Barrier/MLPS/tabular/shared/dae_dnn/results/goliath_w2d_anomaly_onward_gpu/analysis/recovered_trial1_w2d_history/raw/MLPS/tabular/shared/dae_dnn/results/goliath_w2d_staged_current/generation/ae_width_to_depth/cand_067_d2_w64/candidate_state.json,67,cand_067_d2_w64
generation,ADP,ae_width_to_depth,"[65, 64]",0.0130867933774249,11567,/home/anurag-basistha/Projects/Untapped/Breaking-the-Neural-Barrier/MLPS/tabular/shared/dae_dnn/results/goliath_w2d_anomaly_onward_gpu/analysis/recovered_trial1_w2d_history/raw/MLPS/tabular/shared/dae_dnn/results/goliath_w2d_staged_current/generation/ae_width_to_depth/cand_068_d2_w65/candidate_state.json,68,cand_068_d2_w65
generation,ADP,ae_width_to_depth,"[65, 65]",0.0116632178121904,11689,/home/anurag-basistha/Projects/Untapped/Breaking-the-Neural-Barrier/MLPS/tabular/shared/dae_dnn/results/goliath_w2d_anomaly_onward_gpu/analysis/recovered_trial1_w2d_history/raw/MLPS/tabular/shared/dae_dnn/results/goliath_w2d_staged_current/generation/ae_width_to_depth/cand_069_d2_w65/candidate_state.json,69,cand_069_d2_w65
generation,ADP,ae_width_to_depth,"[66, 65]",0.0031549678736961,11811,/home/anurag-basistha/Projects/Untapped/Breaking-the-Neural-Barrier/MLPS/tabular/shared/dae_dnn/results/goliath_w2d_anomaly_onward_gpu/analysis/recovered_trial1_w2d_history/raw/MLPS/tabular/shared/dae_dnn/results/goliath_w2d_staged_current/generation/ae_width_to_depth/cand_070_d2_w66/candidate_state.json,70,cand_070_d2_w66
generation,ADP,ae_width_to_depth,"[66, 66]",0.0039935862209892,11934,/home/anurag-basistha/Projects/Untapped/Breaking-the-Neural-Barrier/MLPS/tabular/shared/dae_dnn/results/goliath_w2d_anomaly_onward_gpu/analysis/recovered_trial1_w2d_history/raw/MLPS/tabular/shared/dae_dnn/results/goliath_w2d_staged_current/generation/ae_width_to_depth/cand_071_d2_w66/candidate_state.json,71,cand_071_d2_w66
generation,ADP,ae_width_to_depth,"[66, 66, 66]",0.1121295914237292,16488,/home/anurag-basistha/Projects/Untapped/Breaking-the-Neural-Barrier/MLPS/tabular/shared/dae_dnn/results/goliath_w2d_anomaly_onward_gpu/analysis/recovered_trial1_w2d_history/raw/MLPS/tabular/shared/dae_dnn/results/goliath_w2d_staged_current/generation/ae_width_to_depth/cand_072_d3_w66/candidate_state.json,72,cand_072_d3_w66
generation,ADP,ae_width_to_depth,"[67, 66, 66]",0.0450610198595146,16611,/home/anurag-basistha/Projects/Untapped/Breaking-the-Neural-Barrier/MLPS/tabular/shared/dae_dnn/results/goliath_w2d_anomaly_onward_gpu/analysis/recovered_trial1_w2d_history/raw/MLPS/tabular/shared/dae_dnn/results/goliath_w2d_staged_current/generation/ae_width_to_depth/cand_073_d3_w67/candidate_state.json,73,cand_073_d3_w67
generation,ADP,ae_width_to_depth,"[67, 67, 66]",0.0433818474007383,16747,/home/anurag-basistha/Projects/Untapped/Breaking-the-Neural-Barrier/MLPS/tabular/shared/dae_dnn/results/goliath_w2d_anomaly_onward_gpu/analysis/recovered_trial1_w2d_history/raw/MLPS/tabular/shared/dae_dnn/results/goliath_w2d_staged_current/generation/ae_width_to_depth/cand_074_d3_w67/candidate_state.json,74,cand_074_d3_w67
generation,ADP,ae_width_to_depth,"[67, 67, 67]",0.0252429417375804,16871,/home/anurag-basistha/Projects/Untapped/Breaking-the-Neural-Barrier/MLPS/tabular/shared/dae_dnn/results/goliath_w2d_anomaly_onward_gpu/analysis/recovered_trial1_w2d_history/raw/MLPS/tabular/shared/dae_dnn/results/goliath_w2d_staged_current/generation/ae_width_to_depth/cand_075_d3_w67/candidate_state.json,75,cand_075_d3_w67
generation,ADP,ae_width_to_depth,"[68, 67, 67]",0.0269692657910274,16995,/home/anurag-basistha/Projects/Untapped/Breaking-the-Neural-Barrier/MLPS/tabular/shared/dae_dnn/results/goliath_w2d_anomaly_onward_gpu/analysis/recovered_trial1_w2d_history/raw/MLPS/tabular/shared/dae_dnn/results/goliath_w2d_staged_current/generation/ae_width_to_depth/cand_076_d3_w68/candidate_state.json,76,cand_076_d3_w68
generation,ADP,ae_width_to_depth,"[68, 68, 67]",0.0309185580088394,17133,/home/anurag-basistha/Projects/Untapped/Breaking-the-Neural-Barrier/MLPS/tabular/shared/dae_dnn/results/goliath_w2d_anomaly_onward_gpu/analysis/recovered_trial1_w2d_history/raw/MLPS/tabular/shared/dae_dnn/results/goliath_w2d_staged_current/generation/ae_width_to_depth/cand_077_d3_w68/candidate_state.json,77,cand_077_d3_w68
generation,ADP,ae_width_to_depth,"[68, 68, 68]",0.0413278680573599,17258,/home/anurag-basistha/Projects/Untapped/Breaking-the-Neural-Barrier/MLPS/tabular/shared/dae_dnn/results/goliath_w2d_anomaly_onward_gpu/analysis/recovered_trial1_w2d_history/raw/MLPS/tabular/shared/dae_dnn/results/goliath_w2d_staged_current/generation/ae_width_to_depth/cand_078_d3_w68/candidate_state.json,78,cand_078_d3_w68
generation,ADP,ae_width_to_depth,"[69, 68, 68]",0.0263031141674453,17383,/home/anurag-basistha/Projects/Untapped/Breaking-the-Neural-Barrier/MLPS/tabular/shared/dae_dnn/results/goliath_w2d_anomaly_onward_gpu/analysis/recovered_trial1_w2d_history/raw/MLPS/tabular/shared/dae_dnn/results/goliath_w2d_staged_current/generation/ae_width_to_depth/cand_079_d3_w69/candidate_state.json,79,cand_079_d3_w69
generation,ADP,ae_width_to_depth,"[69, 69, 68]",0.0101001578944993,17523,/home/anurag-basistha/Projects/Untapped/Breaking-the-Neural-Barrier/MLPS/tabular/shared/dae_dnn/results/goliath_w2d_anomaly_onward_gpu/analysis/recovered_trial1_w2d_history/raw/MLPS/tabular/shared/dae_dnn/results/goliath_w2d_staged_current/generation/ae_width_to_depth/cand_080_d3_w69/candidate_state.json,80,cand_080_d3_w69
generation,ADP,ae_width_to_depth,"[69, 69, 69]",0.0103647386182922,17649,/home/anurag-basistha/Projects/Untapped/Breaking-the-Neural-Barrier/MLPS/tabular/shared/dae_dnn/results/goliath_w2d_anomaly_onward_gpu/analysis/recovered_trial1_w2d_history/raw/MLPS/tabular/shared/dae_dnn/results/goliath_w2d_staged_current/generation/ae_width_to_depth/cand_081_d3_w69/candidate_state.json,81,cand_081_d3_w69
generation,ADP,ae_width_to_depth,"[70, 69, 69]",0.0162472104662147,17775,/home/anurag-basistha/Projects/Untapped/Breaking-the-Neural-Barrier/MLPS/tabular/shared/dae_dnn/results/goliath_w2d_anomaly_onward_gpu/analysis/recovered_trial1_w2d_history/raw/MLPS/tabular/shared/dae_dnn/results/goliath_w2d_staged_current/generation/ae_width_to_depth/cand_082_d3_w70/candidate_state.json,82,cand_082_d3_w70
generation,ADP,ae_width_to_depth,"[70, 70, 69]",0.0665548312963794,17917,/home/anurag-basistha/Projects/Untapped/Breaking-the-Neural-Barrier/MLPS/tabular/shared/dae_dnn/results/goliath_w2d_anomaly_onward_gpu/analysis/recovered_trial1_w2d_history/raw/MLPS/tabular/shared/dae_dnn/results/goliath_w2d_staged_current/generation/ae_width_to_depth/cand_083_d3_w70/candidate_state.json,83,cand_083_d3_w70
generation,ADP,ae_width_to_depth,"[70, 70, 70]",0.0081658046773878,18044,/home/anurag-basistha/Projects/Untapped/Breaking-the-Neural-Barrier/MLPS/tabular/shared/dae_dnn/results/goliath_w2d_anomaly_onward_gpu/analysis/recovered_trial1_w2d_history/raw/MLPS/tabular/shared/dae_dnn/results/goliath_w2d_staged_current/generation/ae_width_to_depth/cand_084_d3_w70/candidate_state.json,84,cand_084_d3_w70
generation,ADP,ae_width_to_depth,"[71, 70, 70]",0.0095483167257586,18171,/home/anurag-basistha/Projects/Untapped/Breaking-the-Neural-Barrier/MLPS/tabular/shared/dae_dnn/results/goliath_w2d_anomaly_onward_gpu/analysis/recovered_trial1_w2d_history/raw/MLPS/tabular/shared/dae_dnn/results/goliath_w2d_staged_current/generation/ae_width_to_depth/cand_085_d3_w71/candidate_state.json,85,cand_085_d3_w71
generation,ADP,ae_width_to_depth,"[71, 71, 70]",0.014055472111899,18315,/home/anurag-basistha/Projects/Untapped/Breaking-the-Neural-Barrier/MLPS/tabular/shared/dae_dnn/results/goliath_w2d_anomaly_onward_gpu/analysis/recovered_trial1_w2d_history/raw/MLPS/tabular/shared/dae_dnn/results/goliath_w2d_staged_current/generation/ae_width_to_depth/cand_086_d3_w71/candidate_state.json,86,cand_086_d3_w71
generation,ADP,ae_width_to_depth,"[71, 71, 71]",0.0054449167540529,18443,/home/anurag-basistha/Projects/Untapped/Breaking-the-Neural-Barrier/MLPS/tabular/shared/dae_dnn/results/goliath_w2d_anomaly_onward_gpu/analysis/recovered_trial1_w2d_history/raw/MLPS/tabular/shared/dae_dnn/results/goliath_w2d_staged_current/generation/ae_width_to_depth/cand_087_d3_w71/candidate_state.json,87,cand_087_d3_w71
generation,ADP,ae_width_to_depth,"[71, 71, 71, 71]",0.0882226699855719,23697,/home/anurag-basistha/Projects/Untapped/Breaking-the-Neural-Barrier/MLPS/tabular/shared/dae_dnn/results/goliath_w2d_anomaly_onward_gpu/analysis/recovered_trial1_w2d_history/raw/MLPS/tabular/shared/dae_dnn/results/goliath_w2d_staged_current/generation/ae_width_to_depth/cand_088_d4_w71/candidate_state.json,88,cand_088_d4_w71
generation,ADP,ae_width_to_depth,"[72, 71, 71, 71]",0.0786099990304094,23825,/home/anurag-basistha/Projects/Untapped/Breaking-the-Neural-Barrier/MLPS/tabular/shared/dae_dnn/results/goliath_w2d_anomaly_onward_gpu/analysis/recovered_trial1_w2d_history/raw/MLPS/tabular/shared/dae_dnn/results/goliath_w2d_staged_current/generation/ae_width_to_depth/cand_089_d4_w72/candidate_state.json,89,cand_089_d4_w72
generation,ADP,ae_width_to_depth,"[72, 72, 71, 71]",0.045653087631894,23971,/home/anurag-basistha/Projects/Untapped/Breaking-the-Neural-Barrier/MLPS/tabular/shared/dae_dnn/results/goliath_w2d_anomaly_onward_gpu/analysis/recovered_trial1_w2d_history/raw/MLPS/tabular/shared/dae_dnn/results/goliath_w2d_staged_current/generation/ae_width_to_depth/cand_090_d4_w72/candidate_state.json,90,cand_090_d4_w72
generation,ADP,ae_width_to_depth,"[72, 72, 72, 71]",0.0324551224074691,24117,/home/anurag-basistha/Projects/Untapped/Breaking-the-Neural-Barrier/MLPS/tabular/shared/dae_dnn/results/goliath_w2d_anomaly_onward_gpu/analysis/recovered_trial1_w2d_history/raw/MLPS/tabular/shared/dae_dnn/results/goliath_w2d_staged_current/generation/ae_width_to_depth/cand_091_d4_w72/candidate_state.json,91,cand_091_d4_w72
generation,ADP,ae_width_to_depth,"[72, 72, 72, 72]",0.014443606817458,24246,/home/anurag-basistha/Projects/Untapped/Breaking-the-Neural-Barrier/MLPS/tabular/shared/dae_dnn/results/goliath_w2d_anomaly_onward_gpu/analysis/recovered_trial1_w2d_history/raw/MLPS/tabular/shared/dae_dnn/results/goliath_w2d_staged_current/generation/ae_width_to_depth/cand_092_d4_w72/candidate_state.json,92,cand_092_d4_w72
generation,ADP,ae_width_to_depth,"[73, 72, 72, 72]",0.0133258794349717,24375,/home/anurag-basistha/Projects/Untapped/Breaking-the-Neural-Barrier/MLPS/tabular/shared/dae_dnn/results/goliath_w2d_anomaly_onward_gpu/analysis/recovered_trial1_w2d_history/raw/MLPS/tabular/shared/dae_dnn/results/goliath_w2d_staged_current/generation/ae_width_to_depth/cand_093_d4_w73/candidate_state.json,93,cand_093_d4_w73
generation,ADP,ae_width_to_depth,"[73, 73, 72, 72]",0.0191937314138018,24523,/home/anurag-basistha/Projects/Untapped/Breaking-the-Neural-Barrier/MLPS/tabular/shared/dae_dnn/results/goliath_w2d_anomaly_onward_gpu/analysis/recovered_trial1_w2d_history/raw/MLPS/tabular/shared/dae_dnn/results/goliath_w2d_staged_current/generation/ae_width_to_depth/cand_094_d4_w73/candidate_state.json,94,cand_094_d4_w73
generation,ADP,ae_width_to_depth,"[73, 73, 73, 72]",0.0099434025181679,24671,/home/anurag-basistha/Projects/Untapped/Breaking-the-Neural-Barrier/MLPS/tabular/shared/dae_dnn/results/goliath_w2d_anomaly_onward_gpu/analysis/recovered_trial1_w2d_history/raw/MLPS/tabular/shared/dae_dnn/results/goliath_w2d_staged_current/generation/ae_width_to_depth/cand_095_d4_w73/candidate_state.json,95,cand_095_d4_w73
generation,ADP,ae_width_to_depth,"[73, 73, 73, 73]",0.0071668570966902,24801,/home/anurag-basistha/Projects/Untapped/Breaking-the-Neural-Barrier/MLPS/tabular/shared/dae_dnn/results/goliath_w2d_anomaly_onward_gpu/analysis/recovered_trial1_w2d_history/raw/MLPS/tabular/shared/dae_dnn/results/goliath_w2d_staged_current/generation/ae_width_to_depth/cand_096_d4_w73/candidate_state.json,96,cand_096_d4_w73
generation,ADP,ae_width_to_depth,"[74, 73, 73, 73]",0.0105995270915452,24931,/home/anurag-basistha/Projects/Untapped/Breaking-the-Neural-Barrier/MLPS/tabular/shared/dae_dnn/results/goliath_w2d_anomaly_onward_gpu/analysis/recovered_trial1_w2d_history/raw/MLPS/tabular/shared/dae_dnn/results/goliath_w2d_staged_current/generation/ae_width_to_depth/cand_097_d4_w74/candidate_state.json,97,cand_097_d4_w74
generation,ADP,ae_width_to_depth,"[74, 74, 73, 73]",0.0071140401950347,25081,/home/anurag-basistha/Projects/Untapped/Breaking-the-Neural-Barrier/MLPS/tabular/shared/dae_dnn/results/goliath_w2d_anomaly_onward_gpu/analysis/recovered_trial1_w2d_history/raw/MLPS/tabular/shared/dae_dnn/results/goliath_w2d_staged_current/generation/ae_width_to_depth/cand_098_d4_w74/candidate_state.json,98,cand_098_d4_w74
generation,ADP,ae_width_to_depth,"[74, 74, 74, 73]",0.0171256326750974,25231,/home/anurag-basistha/Projects/Untapped/Breaking-the-Neural-Barrier/MLPS/tabular/shared/dae_dnn/results/goliath_w2d_anomaly_onward_gpu/analysis/recovered_trial1_w2d_history/raw/MLPS/tabular/shared/dae_dnn/results/goliath_w2d_staged_current/generation/ae_width_to_depth/cand_099_d4_w74/candidate_state.json,99,cand_099_d4_w74
generation,ADP,ae_width_to_depth,"[74, 74, 74, 74]",0.0070609378687773,25362,/home/anurag-basistha/Projects/Untapped/Breaking-the-Neural-Barrier/MLPS/tabular/shared/dae_dnn/results/goliath_w2d_anomaly_onward_gpu/analysis/recovered_trial1_w2d_history/raw/MLPS/tabular/shared/dae_dnn/results/goliath_w2d_staged_current/generation/ae_width_to_depth/cand_100_d4_w74/candidate_state.json,100,cand_100_d4_w74
generation,ADP,ae_width_to_depth,"[75, 74, 74, 74]",0.0052066410666931,25493,/home/anurag-basistha/Projects/Untapped/Breaking-the-Neural-Barrier/MLPS/tabular/shared/dae_dnn/results/goliath_w2d_anomaly_onward_gpu/analysis/recovered_trial1_w2d_history/raw/MLPS/tabular/shared/dae_dnn/results/goliath_w2d_staged_current/generation/ae_width_to_depth/cand_101_d4_w75/candidate_state.json,101,cand_101_d4_w75
generation,ADP,ae_width_to_depth,"[75, 75, 74, 74]",0.0046775068936779,25645,/home/anurag-basistha/Projects/Untapped/Breaking-the-Neural-Barrier/MLPS/tabular/shared/dae_dnn/results/goliath_w2d_anomaly_onward_gpu/analysis/recovered_trial1_w2d_history/raw/MLPS/tabular/shared/dae_dnn/results/goliath_w2d_staged_current/generation/ae_width_to_depth/cand_102_d4_w75/candidate_state.json,102,cand_102_d4_w75
generation,ADP,ae_width_to_depth,"[75, 75, 75, 74]",0.0041028284101966,25797,/home/anurag-basistha/Projects/Untapped/Breaking-the-Neural-Barrier/MLPS/tabular/shared/dae_dnn/results/goliath_w2d_anomaly_onward_gpu/analysis/recovered_trial1_w2d_history/raw/MLPS/tabular/shared/dae_dnn/results/goliath_w2d_staged_current/generation/ae_width_to_depth/cand_103_d4_w75/candidate_state.json,103,cand_103_d4_w75
generation,ADP,ae_width_to_depth,"[75, 75, 75, 75]",0.0033572118021287,25929,/home/anurag-basistha/Projects/Untapped/Breaking-the-Neural-Barrier/MLPS/tabular/shared/dae_dnn/results/goliath_w2d_anomaly_onward_gpu/analysis/recovered_trial1_w2d_history/raw/MLPS/tabular/shared/dae_dnn/results/goliath_w2d_staged_current/generation/ae_width_to_depth/cand_104_d4_w75/candidate_state.json,104,cand_104_d4_w75
generation,ADP,ae_width_to_depth,"[76, 75, 75, 75]",0.005613728958572,26061,/home/anurag-basistha/Projects/Untapped/Breaking-the-Neural-Barrier/MLPS/tabular/shared/dae_dnn/results/goliath_w2d_anomaly_onward_gpu/analysis/recovered_trial1_w2d_history/raw/MLPS/tabular/shared/dae_dnn/results/goliath_w2d_staged_current/generation/ae_width_to_depth/cand_105_d4_w76/candidate_state.json,105,cand_105_d4_w76
generation,ADP,ae_width_to_depth,"[76, 76, 75, 75]",0.0037416566346725,26215,/home/anurag-basistha/Projects/Untapped/Breaking-the-Neural-Barrier/MLPS/tabular/shared/dae_dnn/results/goliath_w2d_anomaly_onward_gpu/analysis/recovered_trial1_w2d_history/raw/MLPS/tabular/shared/dae_dnn/results/goliath_w2d_staged_current/generation/ae_width_to_depth/cand_106_d4_w76/candidate_state.json,106,cand_106_d4_w76
generation,ADP,ae_width_to_depth,"[76, 76, 76, 75]",0.0032008937210661,26369,/home/anurag-basistha/Projects/Untapped/Breaking-the-Neural-Barrier/MLPS/tabular/shared/dae_dnn/results/goliath_w2d_anomaly_onward_gpu/analysis/recovered_trial1_w2d_history/raw/MLPS/tabular/shared/dae_dnn/results/goliath_w2d_staged_current/generation/ae_width_to_depth/cand_107_d4_w76/candidate_state.json,107,cand_107_d4_w76
generation,ADP,ae_width_to_depth,"[76, 76, 76, 76]",0.003453567816713,26502,/home/anurag-basistha/Projects/Untapped/Breaking-the-Neural-Barrier/MLPS/tabular/shared/dae_dnn/results/goliath_w2d_anomaly_onward_gpu/analysis/recovered_trial1_w2d_history/raw/MLPS/tabular/shared/dae_dnn/results/goliath_w2d_staged_current/generation/ae_width_to_depth/cand_108_d4_w76/candidate_state.json,108,cand_108_d4_w76
generation,ADP,ae_width_to_depth,"[76, 76, 76, 76, 76]",0.0087112945402812,32506,/home/anurag-basistha/Projects/Untapped/Breaking-the-Neural-Barrier/MLPS/tabular/shared/dae_dnn/results/goliath_w2d_anomaly_onward_gpu/analysis/recovered_trial1_w2d_history/raw/MLPS/tabular/shared/dae_dnn/results/goliath_w2d_staged_current/generation/ae_width_to_depth/cand_109_d5_w76/candidate_state.json,109,cand_109_d5_w76
generation,ADP,ae_width_to_depth,"[77, 76, 76, 76, 76]",0.0090102750308974,32639,/home/anurag-basistha/Projects/Untapped/Breaking-the-Neural-Barrier/MLPS/tabular/shared/dae_dnn/results/goliath_w2d_anomaly_onward_gpu/analysis/recovered_trial1_w2d_history/raw/MLPS/tabular/shared/dae_dnn/results/goliath_w2d_staged_current/generation/ae_width_to_depth/cand_110_d5_w77/candidate_state.json,110,cand_110_d5_w77
generation,ADP,ae_width_to_depth,"[77, 77, 76, 76, 76]",0.0085263654229921,32795,/home/anurag-basistha/Projects/Untapped/Breaking-the-Neural-Barrier/MLPS/tabular/shared/dae_dnn/results/goliath_w2d_anomaly_onward_gpu/analysis/recovered_trial1_w2d_history/raw/MLPS/tabular/shared/dae_dnn/results/goliath_w2d_staged_current/generation/ae_width_to_depth/cand_111_d5_w77/candidate_state.json,111,cand_111_d5_w77
generation,ADP,ae_width_to_depth,"[77, 77, 77, 76, 76]",0.0048496836946485,32951,/home/anurag-basistha/Projects/Untapped/Breaking-the-Neural-Barrier/MLPS/tabular/shared/dae_dnn/results/goliath_w2d_anomaly_onward_gpu/analysis/recovered_trial1_w2d_history/raw/MLPS/tabular/shared/dae_dnn/results/goliath_w2d_staged_current/generation/ae_width_to_depth/cand_112_d5_w77/candidate_state.json,112,cand_112_d5_w77
generation,ADP,ae_width_to_depth,"[77, 77, 77, 77, 76]",0.0050003123806027,33107,/home/anurag-basistha/Projects/Untapped/Breaking-the-Neural-Barrier/MLPS/tabular/shared/dae_dnn/results/goliath_w2d_anomaly_onward_gpu/analysis/recovered_trial1_w2d_history/raw/MLPS/tabular/shared/dae_dnn/results/goliath_w2d_staged_current/generation/ae_width_to_depth/cand_113_d5_w77/candidate_state.json,113,cand_113_d5_w77
generation,ADP,ae_width_to_depth,"[77, 77, 77, 77, 77]",0.0038329269415456,33241,/home/anurag-basistha/Projects/Untapped/Breaking-the-Neural-Barrier/MLPS/tabular/shared/dae_dnn/results/goliath_w2d_anomaly_onward_gpu/analysis/recovered_trial1_w2d_history/raw/MLPS/tabular/shared/dae_dnn/results/goliath_w2d_staged_current/generation/ae_width_to_depth/cand_114_d5_w77/candidate_state.json,114,cand_114_d5_w77
generation,ADP,ae_width_to_depth,"[78, 77, 77, 77, 77]",0.0050549510540622,33375,/home/anurag-basistha/Projects/Untapped/Breaking-the-Neural-Barrier/MLPS/tabular/shared/dae_dnn/results/goliath_w2d_anomaly_onward_gpu/analysis/recovered_trial1_w2d_history/raw/MLPS/tabular/shared/dae_dnn/results/goliath_w2d_staged_current/generation/ae_width_to_depth/cand_115_d5_w78/candidate_state.json,115,cand_115_d5_w78
generation,ADP,ae_width_to_depth,"[78, 78, 77, 77, 77]",0.0060481182420656,33533,/home/anurag-basistha/Projects/Untapped/Breaking-the-Neural-Barrier/MLPS/tabular/shared/dae_dnn/results/goliath_w2d_anomaly_onward_gpu/analysis/recovered_trial1_w2d_history/raw/MLPS/tabular/shared/dae_dnn/results/goliath_w2d_staged_current/generation/ae_width_to_depth/cand_116_d5_w78/candidate_state.json,116,cand_116_d5_w78
generation,ADP,ae_width_to_depth,"[78, 78, 78, 77, 77]",0.0044589266652896,33691,/home/anurag-basistha/Projects/Untapped/Breaking-the-Neural-Barrier/MLPS/tabular/shared/dae_dnn/results/goliath_w2d_anomaly_onward_gpu/analysis/recovered_trial1_w2d_history/raw/MLPS/tabular/shared/dae_dnn/results/goliath_w2d_staged_current/generation/ae_width_to_depth/cand_117_d5_w78/candidate_state.json,117,cand_117_d5_w78
generation,ADP,ae_width_to_depth,"[78, 78, 78, 78, 77]",0.0034312931354896,33849,/home/anurag-basistha/Projects/Untapped/Breaking-the-Neural-Barrier/MLPS/tabular/shared/dae_dnn/results/goliath_w2d_anomaly_onward_gpu/analysis/recovered_trial1_w2d_history/raw/MLPS/tabular/shared/dae_dnn/results/goliath_w2d_staged_current/generation/ae_width_to_depth/cand_118_d5_w78/candidate_state.json,118,cand_118_d5_w78
generation,ADP,ae_width_to_depth,"[78, 78, 78, 78, 78]",0.0026282059277424,33984,/home/anurag-basistha/Projects/Untapped/Breaking-the-Neural-Barrier/MLPS/tabular/shared/dae_dnn/results/goliath_w2d_anomaly_onward_gpu/analysis/recovered_trial1_w2d_history/raw/MLPS/tabular/shared/dae_dnn/results/goliath_w2d_staged_current/generation/ae_width_to_depth/cand_119_d5_w78/candidate_state.json,119,cand_119_d5_w78
generation,ADP,ae_width_to_depth,"[79, 78, 78, 78, 78]",0.0046189115200877,34119,/home/anurag-basistha/Projects/Untapped/Breaking-the-Neural-Barrier/MLPS/tabular/shared/dae_dnn/results/goliath_w2d_anomaly_onward_gpu/analysis/recovered_trial1_w2d_history/raw/MLPS/tabular/shared/dae_dnn/results/goliath_w2d_staged_current/generation/ae_width_to_depth/cand_120_d5_w79/candidate_state.json,120,cand_120_d5_w79
generation,ADP,ae_width_to_depth,"[79, 79, 78, 78, 78]",0.0029811410355393,34279,/home/anurag-basistha/Projects/Untapped/Breaking-the-Neural-Barrier/MLPS/tabular/shared/dae_dnn/results/goliath_w2d_anomaly_onward_gpu/analysis/recovered_trial1_w2d_history/raw/MLPS/tabular/shared/dae_dnn/results/goliath_w2d_staged_current/generation/ae_width_to_depth/cand_121_d5_w79/candidate_state.json,121,cand_121_d5_w79
generation,ADP,ae_width_to_depth,"[79, 79, 79, 78, 78]",0.0025390196191386,34439,/home/anurag-basistha/Projects/Untapped/Breaking-the-Neural-Barrier/MLPS/tabular/shared/dae_dnn/results/goliath_w2d_anomaly_onward_gpu/analysis/recovered_trial1_w2d_history/raw/MLPS/tabular/shared/dae_dnn/results/goliath_w2d_staged_current/generation/ae_width_to_depth/cand_122_d5_w79/candidate_state.json,122,cand_122_d5_w79
generation,ADP,ae_width_to_depth,"[79, 79, 79, 79, 78]",0.0028905442977762,34599,/home/anurag-basistha/Projects/Untapped/Breaking-the-Neural-Barrier/MLPS/tabular/shared/dae_dnn/results/goliath_w2d_anomaly_onward_gpu/analysis/recovered_trial1_w2d_history/raw/MLPS/tabular/shared/dae_dnn/results/goliath_w2d_staged_current/generation/ae_width_to_depth/cand_123_d5_w79/candidate_state.json,123,cand_123_d5_w79
generation,ADP,ae_width_to_depth,"[79, 79, 79, 79, 79]",0.002675701825473,34735,/home/anurag-basistha/Projects/Untapped/Breaking-the-Neural-Barrier/MLPS/tabular/shared/dae_dnn/results/goliath_w2d_anomaly_onward_gpu/analysis/recovered_trial1_w2d_history/raw/MLPS/tabular/shared/dae_dnn/results/goliath_w2d_staged_current/generation/ae_width_to_depth/cand_124_d5_w79/candidate_state.json,124,cand_124_d5_w79
generation,ADP,ae_width_to_depth,"[80, 79, 79, 79, 79]",0.0024250570140321,34871,/home/anurag-basistha/Projects/Untapped/Breaking-the-Neural-Barrier/MLPS/tabular/shared/dae_dnn/results/goliath_w2d_anomaly_onward_gpu/analysis/recovered_trial1_w2d_history/raw/MLPS/tabular/shared/dae_dnn/results/goliath_w2d_staged_current/generation/ae_width_to_depth/cand_125_d5_w80/candidate_state.json,125,cand_125_d5_w80
generation,ADP,ae_width_to_depth,"[80, 80, 79, 79, 79]",0.0019275034498672,35033,/home/anurag-basistha/Projects/Untapped/Breaking-the-Neural-Barrier/MLPS/tabular/shared/dae_dnn/results/goliath_w2d_anomaly_onward_gpu/analysis/recovered_trial1_w2d_history/raw/MLPS/tabular/shared/dae_dnn/results/goliath_w2d_staged_current/generation/ae_width_to_depth/cand_126_d5_w80/candidate_state.json,126,cand_126_d5_w80
generation,ADP,ae_width_to_depth,"[80, 80, 80, 79, 79]",0.001965035620714,35195,/home/anurag-basistha/Projects/Untapped/Breaking-the-Neural-Barrier/MLPS/tabular/shared/dae_dnn/results/goliath_w2d_anomaly_onward_gpu/analysis/recovered_trial1_w2d_history/raw/MLPS/tabular/shared/dae_dnn/results/goliath_w2d_staged_current/generation/ae_width_to_depth/cand_127_d5_w80/candidate_state.json,127,cand_127_d5_w80
generation,ADP,ae_width_to_depth,"[80, 80, 80, 80, 79]",0.0015255603193648,35357,/home/anurag-basistha/Projects/Untapped/Breaking-the-Neural-Barrier/MLPS/tabular/shared/dae_dnn/results/goliath_w2d_anomaly_onward_gpu/analysis/recovered_trial1_w2d_history/raw/MLPS/tabular/shared/dae_dnn/results/goliath_w2d_staged_current/generation/ae_width_to_depth/cand_128_d5_w80/candidate_state.json,128,cand_128_d5_w80
generation,ADP,ae_width_to_depth,"[80, 80, 80, 80, 80]",0.0018738231208878,35494,/home/anurag-basistha/Projects/Untapped/Breaking-the-Neural-Barrier/MLPS/tabular/shared/dae_dnn/results/goliath_w2d_anomaly_onward_gpu/analysis/recovered_trial1_w2d_history/raw/MLPS/tabular/shared/dae_dnn/results/goliath_w2d_staged_current/generation/ae_width_to_depth/cand_129_d5_w80/candidate_state.json,129,cand_129_d5_w80
generation,ADP,ae_width_to_depth,"[81, 80, 80, 80, 80]",0.0036080200532918,35631,/home/anurag-basistha/Projects/Untapped/Breaking-the-Neural-Barrier/MLPS/tabular/shared/dae_dnn/results/goliath_w2d_anomaly_onward_gpu/analysis/recovered_trial1_w2d_history/raw/MLPS/tabular/shared/dae_dnn/results/goliath_w2d_staged_current/generation/ae_width_to_depth/cand_130_d5_w81/candidate_state.json,130,cand_130_d5_w81
generation,ADP,ae_width_to_depth,"[81, 81, 80, 80, 80]",0.0029708256085951,35795,/home/anurag-basistha/Projects/Untapped/Breaking-the-Neural-Barrier/MLPS/tabular/shared/dae_dnn/results/goliath_w2d_anomaly_onward_gpu/analysis/recovered_trial1_w2d_history/raw/MLPS/tabular/shared/dae_dnn/results/goliath_w2d_staged_current/generation/ae_width_to_depth/cand_131_d5_w81/candidate_state.json,131,cand_131_d5_w81
generation,ADP,ae_width_to_depth,"[81, 81, 81, 80, 80]",0.003248594062748,35959,/home/anurag-basistha/Projects/Untapped/Breaking-the-Neural-Barrier/MLPS/tabular/shared/dae_dnn/results/goliath_w2d_anomaly_onward_gpu/analysis/recovered_trial1_w2d_history/raw/MLPS/tabular/shared/dae_dnn/results/goliath_w2d_staged_current/generation/ae_width_to_depth/cand_132_d5_w81/candidate_state.json,132,cand_132_d5_w81
generation,ADP,ae_width_to_depth,"[81, 81, 81, 81, 80]",0.0024994643662888,36123,/home/anurag-basistha/Projects/Untapped/Breaking-the-Neural-Barrier/MLPS/tabular/shared/dae_dnn/results/goliath_w2d_anomaly_onward_gpu/analysis/recovered_trial1_w2d_history/raw/MLPS/tabular/shared/dae_dnn/results/goliath_w2d_staged_current/generation/ae_width_to_depth/cand_133_d5_w81/candidate_state.json,133,cand_133_d5_w81
generation,ADP,ae_width_to_depth,"[81, 81, 81, 81, 81]",0.0026089272301289,36261,/home/anurag-basistha/Projects/Untapped/Breaking-the-Neural-Barrier/MLPS/tabular/shared/dae_dnn/results/goliath_w2d_anomaly_onward_gpu/analysis/recovered_trial1_w2d_history/raw/MLPS/tabular/shared/dae_dnn/results/goliath_w2d_staged_current/generation/ae_width_to_depth/cand_134_d5_w81/candidate_state.json,134,cand_134_d5_w81
generation,ADP,ae_width_to_depth,"[81, 81, 81, 81, 81, 81]",0.0614108532862461,43065,/home/anurag-basistha/Projects/Untapped/Breaking-the-Neural-Barrier/MLPS/tabular/shared/dae_dnn/results/goliath_w2d_anomaly_onward_gpu/analysis/recovered_trial1_w2d_history/raw/MLPS/tabular/shared/dae_dnn/results/goliath_w2d_staged_current/generation/ae_width_to_depth/cand_135_d6_w81/candidate_state.json,135,cand_135_d6_w81
generation,STL_paired,stl_from_ae_width_to_depth,[56],1.008609404809253,6270,/home/anurag-basistha/Projects/Untapped/Breaking-the-Neural-Barrier/MLPS/tabular/shared/dae_dnn/results/goliath_w2d_anomaly_onward_gpu/analysis/recovered_trial1_w2d_history/raw/MLPS/tabular/shared/dae_dnn/results/goliath_w2d_staged_current/generation/stl_from_ae_width_to_depth/cand_000_d1_w56/candidate_state.json,6270,cand_000_d1_w56
generation,STL_ablation,stl_ablation_d03_w064_64_64_64,"[64, 64, 64]",1.0085170053033967,15734,/home/anurag-basistha/Projects/Untapped/Breaking-the-Neural-Barrier/MLPS/tabular/shared/dae_dnn/results/stl_ablation_all_tasks_d3plus_w64plus/generation/ablation_summary.json,15734,stl_ablation_d03_w064_64_64_64
generation,STL_ablation,stl_ablation_d04_w064_64_64_64_64,"[64, 64, 64, 64]",1.0084379768056022,20022,/home/anurag-basistha/Projects/Untapped/Breaking-the-Neural-Barrier/MLPS/tabular/shared/dae_dnn/results/stl_ablation_all_tasks_d3plus_w64plus/generation/ablation_summary.json,20022,stl_ablation_d04_w064_64_64_64_64
generation,STL_ablation,stl_ablation_d06_w064_64_64_64_64_64_64,"[64, 64, 64, 64, 64, 64]",1.008415324765186,28598,/home/anurag-basistha/Projects/Untapped/Breaking-the-Neural-Barrier/MLPS/tabular/shared/dae_dnn/results/stl_ablation_all_tasks_d3plus_w64plus/generation/ablation_summary.json,28598,stl_ablation_d06_w064_64_64_64_64_64_64
generation,STL_ablation,stl_ablation_d03_w096_96_96_96,"[96, 96, 96]",1.0088299125039544,29718,/home/anurag-basistha/Projects/Untapped/Breaking-the-Neural-Barrier/MLPS/tabular/shared/dae_dnn/results/stl_ablation_all_tasks_d3plus_w64plus/generation/ablation_summary.json,29718,stl_ablation_d03_w096_96_96_96
generation,STL_ablation,stl_ablation_d08_w064_64_64_64_64_64_64_64_64,"[64, 64, 64, 64, 64, 64, 64, 64]",1.0084469474580098,37174,/home/anurag-basistha/Projects/Untapped/Breaking-the-Neural-Barrier/MLPS/tabular/shared/dae_dnn/results/stl_ablation_all_tasks_d3plus_w64plus/generation/ablation_summary.json,37174,stl_ablation_d08_w064_64_64_64_64_64_64_64_64
generation,STL_ablation,stl_ablation_d04_w096_96_96_96_96,"[96, 96, 96, 96]",1.0086562507659464,39222,/home/anurag-basistha/Projects/Untapped/Breaking-the-Neural-Barrier/MLPS/tabular/shared/dae_dnn/results/stl_ablation_all_tasks_d3plus_w64plus/generation/ablation_summary.json,39222,stl_ablation_d04_w096_96_96_96_96
generation,STL_ablation,stl_ablation_d10_w064_64_64_64_64_64_64_64_64_64_64,"[64, 64, 64, 64, 64, 64, 64, 64, 64, 64]",1.0084660592691572,45750,/home/anurag-basistha/Projects/Untapped/Breaking-the-Neural-Barrier/MLPS/tabular/shared/dae_dnn/results/stl_ablation_all_tasks_d3plus_w64plus/generation/ablation_summary.json,45750,stl_ablation_d10_w064_64_64_64_64_64_64_64_64_64_64
generation,STL_ablation,stl_ablation_d03_w128_128_128_128,"[128, 128, 128]",1.0089622873578437,47798,/home/anurag-basistha/Projects/Untapped/Breaking-the-Neural-Barrier/MLPS/tabular/shared/dae_dnn/results/stl_ablation_all_tasks_d3plus_w64plus/generation/ablation_summary.json,47798,stl_ablation_d03_w128_128_128_128
generation,STL_ablation,stl_ablation_d06_w096_96_96_96_96_96_96,"[96, 96, 96, 96, 96, 96]",1.0085975145684678,58230,/home/anurag-basistha/Projects/Untapped/Breaking-the-Neural-Barrier/MLPS/tabular/shared/dae_dnn/results/stl_ablation_all_tasks_d3plus_w64plus/generation/ablation_summary.json,58230,stl_ablation_d06_w096_96_96_96_96_96_96
generation,STL_ablation,stl_ablation_d04_w128_128_128_128_128,"[128, 128, 128, 128]",1.0089335622021103,64566,/home/anurag-basistha/Projects/Untapped/Breaking-the-Neural-Barrier/MLPS/tabular/shared/dae_dnn/results/stl_ablation_all_tasks_d3plus_w64plus/generation/ablation_summary.json,64566,stl_ablation_d04_w128_128_128_128_128
generation,STL_ablation,stl_ablation_d03_w160_160_160_160,"[160, 160, 160]",1.0094375936304365,69974,/home/anurag-basistha/Projects/Untapped/Breaking-the-Neural-Barrier/MLPS/tabular/shared/dae_dnn/results/stl_ablation_all_tasks_d3plus_w64plus/generation/ablation_summary.json,69974,stl_ablation_d03_w160_160_160_160
generation,STL_ablation,stl_ablation_d08_w096_96_96_96_96_96_96_96_96,"[96, 96, 96, 96, 96, 96, 96, 96]",1.0083859133799595,77238,/home/anurag-basistha/Projects/Untapped/Breaking-the-Neural-Barrier/MLPS/tabular/shared/dae_dnn/results/stl_ablation_all_tasks_d3plus_w64plus/generation/ablation_summary.json,77238,stl_ablation_d08_w096_96_96_96_96_96_96_96_96
generation,STL_ablation,stl_ablation_d04_w160_160_160_160_160,"[160, 160, 160, 160]",1.0088417024711405,96054,/home/anurag-basistha/Projects/Untapped/Breaking-the-Neural-Barrier/MLPS/tabular/shared/dae_dnn/results/stl_ablation_all_tasks_d3plus_w64plus/generation/ablation_summary.json,96054,stl_ablation_d04_w160_160_160_160_160
generation,STL_ablation,stl_ablation_d10_w096_96_96_96_96_96_96_96_96_96_96,"[96, 96, 96, 96, 96, 96, 96, 96, 96, 96]",1.0083682066753985,96246,/home/anurag-basistha/Projects/Untapped/Breaking-the-Neural-Barrier/MLPS/tabular/shared/dae_dnn/results/stl_ablation_all_tasks_d3plus_w64plus/generation/ablation_summary.json,96246,stl_ablation_d10_w096_96_96_96_96_96_96_96_96_96_96
generation,STL_ablation,stl_ablation_d03_w192_192_192_192,"[192, 192, 192]",1.0094935594824854,96246,/home/anurag-basistha/Projects/Untapped/Breaking-the-Neural-Barrier/MLPS/tabular/shared/dae_dnn/results/stl_ablation_all_tasks_d3plus_w64plus/generation/ablation_summary.json,96246,stl_ablation_d03_w192_192_192_192
generation,STL_ablation,stl_ablation_d06_w128_128_128_128_128_128_128,"[128, 128, 128, 128, 128, 128]",1.0084074269666337,98102,/home/anurag-basistha/Projects/Untapped/Breaking-the-Neural-Barrier/MLPS/tabular/shared/dae_dnn/results/stl_ablation_all_tasks_d3plus_w64plus/generation/ablation_summary.json,98102,stl_ablation_d06_w128_128_128_128_128_128_128
generation,STL_ablation,stl_ablation_d03_w224_224_224_224,"[224, 224, 224]",1.0102027109926148,126614,/home/anurag-basistha/Projects/Untapped/Breaking-the-Neural-Barrier/MLPS/tabular/shared/dae_dnn/results/stl_ablation_all_tasks_d3plus_w64plus/generation/ablation_summary.json,126614,stl_ablation_d03_w224_224_224_224
generation,STL_ablation,stl_ablation_d08_w128_128_128_128_128_128_128_128_128,"[128, 128, 128, 128, 128, 128, 128, 128]",1.0084120943618886,131638,/home/anurag-basistha/Projects/Untapped/Breaking-the-Neural-Barrier/MLPS/tabular/shared/dae_dnn/results/stl_ablation_all_tasks_d3plus_w64plus/generation/ablation_summary.json,131638,stl_ablation_d08_w128_128_128_128_128_128_128_128_128
generation,STL_ablation,stl_ablation_d04_w192_192_192_192_192,"[192, 192, 192, 192]",1.0090246266628184,133686,/home/anurag-basistha/Projects/Untapped/Breaking-the-Neural-Barrier/MLPS/tabular/shared/dae_dnn/results/stl_ablation_all_tasks_d3plus_w64plus/generation/ablation_summary.json,133686,stl_ablation_d04_w192_192_192_192_192
generation,STL_ablation,stl_ablation_d06_w160_160_160_160_160_160_160,"[160, 160, 160, 160, 160, 160]",1.0086488863920846,148214,/home/anurag-basistha/Projects/Untapped/Breaking-the-Neural-Barrier/MLPS/tabular/shared/dae_dnn/results/stl_ablation_all_tasks_d3plus_w64plus/generation/ablation_summary.json,148214,stl_ablation_d06_w160_160_160_160_160_160_160
generation,STL_ablation,stl_ablation_d03_w256_256_256_256,"[256, 256, 256]",1.0104810059397842,161078,/home/anurag-basistha/Projects/Untapped/Breaking-the-Neural-Barrier/MLPS/tabular/shared/dae_dnn/results/stl_ablation_all_tasks_d3plus_w64plus/generation/ablation_summary.json,161078,stl_ablation_d03_w256_256_256_256
generation,STL_ablation,stl_ablation_d10_w128_128_128_128_128_128_128_128_128_128_128,"[128, 128, 128, 128, 128, 128, 128, 128, 128, 128]",1.0083838507131184,165174,/home/anurag-basistha/Projects/Untapped/Breaking-the-Neural-Barrier/MLPS/tabular/shared/dae_dnn/results/stl_ablation_all_tasks_d3plus_w64plus/generation/ablation_summary.json,165174,stl_ablation_d10_w128_128_128_128_128_128_128_128_128_128_128
generation,STL_ablation,stl_ablation_d04_w224_224_224_224_224,"[224, 224, 224, 224]",1.0092564413640708,177462,/home/anurag-basistha/Projects/Untapped/Breaking-the-Neural-Barrier/MLPS/tabular/shared/dae_dnn/results/stl_ablation_all_tasks_d3plus_w64plus/generation/ablation_summary.json,177462,stl_ablation_d04_w224_224_224_224_224
generation,STL_ablation,stl_ablation_d08_w160_160_160_160_160_160_160_160_160,"[160, 160, 160, 160, 160, 160, 160, 160]",1.0083165386782191,200374,/home/anurag-basistha/Projects/Untapped/Breaking-the-Neural-Barrier/MLPS/tabular/shared/dae_dnn/results/stl_ablation_all_tasks_d3plus_w64plus/generation/ablation_summary.json,200374,stl_ablation_d08_w160_160_160_160_160_160_160_160_160
generation,STL_ablation,stl_ablation_d06_w192_192_192_192_192_192_192,"[192, 192, 192, 192, 192, 192]",1.0085640201712063,208566,/home/anurag-basistha/Projects/Untapped/Breaking-the-Neural-Barrier/MLPS/tabular/shared/dae_dnn/results/stl_ablation_all_tasks_d3plus_w64plus/generation/ablation_summary.json,208566,stl_ablation_d06_w192_192_192_192_192_192_192
generation,STL_ablation,stl_ablation_d04_w256_256_256_256_256,"[256, 256, 256, 256]",1.0096479920999857,227382,/home/anurag-basistha/Projects/Untapped/Breaking-the-Neural-Barrier/MLPS/tabular/shared/dae_dnn/results/stl_ablation_all_tasks_d3plus_w64plus/generation/ablation_summary.json,227382,stl_ablation_d04_w256_256_256_256_256
generation,STL_ablation,stl_ablation_d10_w160_160_160_160_160_160_160_160_160_160_160,"[160, 160, 160, 160, 160, 160, 160, 160, 160, 160]",1.0082621260380036,252534,/home/anurag-basistha/Projects/Untapped/Breaking-the-Neural-Barrier/MLPS/tabular/shared/dae_dnn/results/stl_ablation_all_tasks_d3plus_w64plus/generation/ablation_summary.json,252534,stl_ablation_d10_w160_160_160_160_160_160_160_160_160_160_160
generation,STL_ablation,stl_ablation_d06_w224_224_224_224_224_224_224,"[224, 224, 224, 224, 224, 224]",1.0085369159353759,279158,/home/anurag-basistha/Projects/Untapped/Breaking-the-Neural-Barrier/MLPS/tabular/shared/dae_dnn/results/stl_ablation_all_tasks_d3plus_w64plus/generation/ablation_summary.json,279158,stl_ablation_d06_w224_224_224_224_224_224_224
generation,STL_ablation,stl_ablation_d08_w192_192_192_192_192_192_192_192_192,"[192, 192, 192, 192, 192, 192, 192, 192]",1.0084579712109292,283446,/home/anurag-basistha/Projects/Untapped/Breaking-the-Neural-Barrier/MLPS/tabular/shared/dae_dnn/results/stl_ablation_all_tasks_d3plus_w64plus/generation/ablation_summary.json,283446,stl_ablation_d08_w192_192_192_192_192_192_192_192_192
generation,STL_ablation,stl_ablation_d10_w192_192_192_192_192_192_192_192_192_192_192,"[192, 192, 192, 192, 192, 192, 192, 192, 192, 192]",1.0083358720506879,358326,/home/anurag-basistha/Projects/Untapped/Breaking-the-Neural-Barrier/MLPS/tabular/shared/dae_dnn/results/stl_ablation_all_tasks_d3plus_w64plus/generation/ablation_summary.json,358326,stl_ablation_d10_w192_192_192_192_192_192_192_192_192_192_192
generation,STL_ablation,stl_ablation_d06_w256_256_256_256_256_256_256,"[256, 256, 256, 256, 256, 256]",1.0084959256782586,359990,/home/anurag-basistha/Projects/Untapped/Breaking-the-Neural-Barrier/MLPS/tabular/shared/dae_dnn/results/stl_ablation_all_tasks_d3plus_w64plus/generation/ablation_summary.json,359990,stl_ablation_d06_w256_256_256_256_256_256_256
generation,STL_ablation,stl_ablation_d08_w224_224_224_224_224_224_224_224_224,"[224, 224, 224, 224, 224, 224, 224, 224]",1.0084094486280315,380854,/home/anurag-basistha/Projects/Untapped/Breaking-the-Neural-Barrier/MLPS/tabular/shared/dae_dnn/results/stl_ablation_all_tasks_d3plus_w64plus/generation/ablation_summary.json,380854,stl_ablation_d08_w224_224_224_224_224_224_224_224_224
generation,STL_ablation,stl_ablation_d10_w224_224_224_224_224_224_224_224_224_224_224,"[224, 224, 224, 224, 224, 224, 224, 224, 224, 224]",1.0084104722150333,482550,/home/anurag-basistha/Projects/Untapped/Breaking-the-Neural-Barrier/MLPS/tabular/shared/dae_dnn/results/stl_ablation_all_tasks_d3plus_w64plus/generation/ablation_summary.json,482550,stl_ablation_d10_w224_224_224_224_224_224_224_224_224_224_224
generation,STL_ablation,stl_ablation_d08_w256_256_256_256_256_256_256_256_256,"[256, 256, 256, 256, 256, 256, 256, 256]",1.0084091335003131,492598,/home/anurag-basistha/Projects/Untapped/Breaking-the-Neural-Barrier/MLPS/tabular/shared/dae_dnn/results/stl_ablation_all_tasks_d3plus_w64plus/generation/ablation_summary.json,492598,stl_ablation_d08_w256_256_256_256_256_256_256_256_256
generation,STL_ablation,stl_ablation_d10_w256_256_256_256_256_256_256_256_256_256_256,"[256, 256, 256, 256, 256, 256, 256, 256, 256, 256]",1.0083754788472836,625206,/home/anurag-basistha/Projects/Untapped/Breaking-the-Neural-Barrier/MLPS/tabular/shared/dae_dnn/results/stl_ablation_all_tasks_d3plus_w64plus/generation/ablation_summary.json,625206,stl_ablation_d10_w256_256_256_256_256_256_256_256_256_256_256
